{
    "currentSignals": ["smallsignalshlsignal"],
    "values": {
        "speed(<.1) || speed(>=.11)": ["mainlightsignallightbar.OFF", "mainlightsignal.HL10", "mainlightsignal_distant.HL10", "exitsignal.HL1", "blocksignal.HL10", "blockexitsignal.HL1"],
        "speed(>=.1) && speed(<=.5)": ["mainlightsignallightbar.OFF", "mainlightsignal.HL11_12", "mainlightsignal_distant.HL10", "exitsignal.HL2_3", "blocksignal.HL10", "blockexitsignal.HL1", "zs2.ZS13"],
        "speed(>=.6) && speed(<=.9)": ["mainlightsignallightbar.YELLOW", "mainlightsignal.HL11_12", "mainlightsignal_distant.HL10", "exitsignal.HL2_3", "blocksignal.HL10", "blockexitsignal.HL1"],
        "speed(==.10)": ["mainlightsignallightbar.GREEN", "mainlightsignal.HL11_12", "mainlightsignal_distant.HL10", "exitsignal.HL2_3", "blocksignal.HL10", "blockexitsignal.HL1"],

        "zs6state(true)": ["zs2.ZS6"],
        "zs2value(A)": ["zs2.A"],
        "zs2value(B)": ["zs2.B"],
        "zs2value(C)": ["zs2.C"],
        "zs2value(D)": ["zs2.D"],
        "zs2value(E)": ["zs2.E"],
        "zs2value(F)": ["zs2.F"],
        "zs2value(G)": ["zs2.G"],
        "zs2value(H)": ["zs2.H"],
        "zs2value(I)": ["zs2.I"],
        "zs2value(J)": ["zs2.J"],
        "zs2value(K)": ["zs2.K"],
        "zs2value(L)": ["zs2.L"],
        "zs2value(M)": ["zs2.M"],
        "zs2value(N)": ["zs2.N"],
        "zs2value(O)": ["zs2.O"],
        "zs2value(P)": ["zs2.P"],
        "zs2value(Q)": ["zs2.Q"],
        "zs2value(R)": ["zs2.R"],
        "zs2value(S)": ["zs2.S"],
        "zs2value(T)": ["zs2.T"],
        "zs2value(U)": ["zs2.U"],
        "zs2value(V)": ["zs2.V"],
        "zs2value(W)": ["zs2.W"],
        "zs2value(X)": ["zs2.X"],
        "zs2value(Y)": ["zs2.Y"],
        "zs2value(Z)": ["zs2.Z"],
        "zs2value(ZS6)" : ["zs2.ZS6"],
        "zs2value(ZS13)": ["zs2.ZS13"]
    }
}