{
    "currentSignals": ["hvsignal", "hvsignalbridge"],
    "nextSignals": ["smallsignalshlsignal"],
    "savedPredicates": {
        "stop": "(config(mainlightsignal.HP0) || config(mainlightsignal.HP0_ALTERNATE_RED) || config(mainlightsignal.HL_ZS1) || config(mainlightsignal.HL_SHUNTING) || config(exitsignal.HP0) || config(exitsignal.HP0_ALTERNATE_RED) || config(exitsignal.HL_ZS1) || config(exitsignal.HL_SHUNTING) || config(blocksignal.HP0) || config(blocksignal.HP0_ALTERNATE_RED) || config(blocksignal.HL_ZS1) || config(blockexitsignal.HP0) || config(blockexitsignal.HL_ZS1) || config(blockexitsignal.HL_SHUNTING)) && config(mainlightsignallightbar.OFF)",
        "drive": "(config(mainlightsignal.HL1) || config(mainlightsignal.HL4) || config(mainlightsignal.HL7) || config(mainlightsignal.HL10) || config(exitsignal.HL1) || config(blocksignal.HL1) || config(blocksignal.HL10) || config(blockexitsignal.HL1)) && (config(mainlightsignallightbar.OFF) || !(config(mainlightsignallightbar.OFF) || config(mainlightsignallightbar.YELLOW) || config(mainlightsignallightbar.GREEN)))",
        "slow": "config(mainlightsignal.HL2_3) || config(mainlightsignal.HL5_6) || config(mainlightsignal.HL8_9) || config(mainlightsignal.HL11_12) || config(exitsignal.HL2_3)"
    },
    "values": {
        "map(stop)": ["distantsignal.VR0", "zs3v.OFF"],
        "map(drive)": ["distantsignal.VR1"],
        
        "map(slow) && config(mainlightsignallightbar.OFF)": ["zs3v.Z4", "distantsignal.VR2"],
        "map(slow) && config(mainlightsignallightbar.GREEN)": ["zs3v.Z10", "distantsignal.VR1"],
        "map(slow) && config(mainlightsignallightbar.YELLOW)": ["zs3v.Z6", "distantsignal.VR2"],
        "signalRepeater(true)": ["vrlight.true"],

        "speed(<.1) || speed(>.15)": ["stopsignal.HP1", "hphome.HP1", "hpblock.HP1"],
        "speed(==.1)": ["zs3.Z1", "stopsignal.HP2", "hphome.HP2", "hpblock.HP1"],
        "speed(==.2)": ["zs3.Z2", "stopsignal.HP2", "hphome.HP2", "hpblock.HP1"],
        "speed(==.3)": ["zs3.Z3", "stopsignal.HP2", "hphome.HP2", "hpblock.HP1"],
        "speed(==.4)": ["stopsignal.HP2", "hphome.HP2", "hpblock.HP1"],
        "speed(==.5)": ["zs3.Z5", "stopsignal.HP2", "hphome.HP2", "hpblock.HP1"],
        "speed(==.6)": ["zs3.Z6", "stopsignal.HP2", "hphome.HP2", "hpblock.HP1"],
        "speed(==.7)": ["zs3.Z7", "stopsignal.HP1", "hphome.HP1", "hpblock.HP1"],
        "speed(==.8)": ["zs3.Z8", "stopsignal.HP1", "hphome.HP1", "hpblock.HP1"],
        "speed(==.9)": ["zs3.Z9", "stopsignal.HP1", "hphome.HP1", "hpblock.HP1"],
        "speed(==.10)": ["zs3.Z10", "stopsignal.HP1", "hphome.HP1", "hpblock.HP1"],
        "speed(==.11)": ["zs3.Z11", "stopsignal.HP1", "hphome.HP1", "hpblock.HP1"],
        "speed(==.12)": ["zs3.Z12", "stopsignal.HP1", "hphome.HP1", "hpblock.HP1"],
        "speed(==.13)": ["zs3.Z13", "stopsignal.HP1", "hphome.HP1", "hpblock.HP1"],
        "speed(==.14)": ["zs3.Z14", "stopsignal.HP1", "hphome.HP1", "hpblock.HP1"],
        "speed(==.15)": ["zs3.Z15", "stopsignal.HP1", "hphome.HP1", "hpblock.HP1"],

        "zs6state(true)": ["zs3.ZS6"],
        "zs2value(A)": ["zs3.A"],
        "zs2value(B)": ["zs3.B"],
        "zs2value(C)": ["zs3.C"],
        "zs2value(D)": ["zs3.D"],
        "zs2value(E)": ["zs3.E"],
        "zs2value(F)": ["zs3.F"],
        "zs2value(G)": ["zs3.G"],
        "zs2value(H)": ["zs3.H"],
        "zs2value(I)": ["zs3.I"],
        "zs2value(J)": ["zs3.J"],
        "zs2value(K)": ["zs3.K"],
        "zs2value(L)": ["zs3.L"],
        "zs2value(M)": ["zs3.M"],
        "zs2value(N)": ["zs3.N"],
        "zs2value(O)": ["zs3.O"],
        "zs2value(P)": ["zs3.P"],
        "zs2value(Q)": ["zs3.Q"],
        "zs2value(R)": ["zs3.R"],
        "zs2value(S)": ["zs3.S"],
        "zs2value(T)": ["zs3.T"],
        "zs2value(U)": ["zs3.U"],
        "zs2value(V)": ["zs3.V"],
        "zs2value(W)": ["zs3.W"],
        "zs2value(X)": ["zs3.X"],
        "zs2value(Y)": ["zs3.Y"],
        "zs2value(Z)": ["zs3.Z"],
        "zs2value(ZS6)" : ["zs3.ZS6"],
        "zs2value(ZS13)": ["zs3.ZS13"],

        "config(zs2.A)": ["zs3v.A"],
        "config(zs2.B)": ["zs3v.B"],
        "config(zs2.C)": ["zs3v.C"],
        "config(zs2.D)": ["zs3v.D"],
        "config(zs2.E)": ["zs3v.E"],
        "config(zs2.F)": ["zs3v.F"],
        "config(zs2.G)": ["zs3v.G"],
        "config(zs2.H)": ["zs3v.H"],
        "config(zs2.I)": ["zs3v.I"],
        "config(zs2.J)": ["zs3v.J"],
        "config(zs2.K)": ["zs3v.K"],
        "config(zs2.L)": ["zs3v.L"],
        "config(zs2.M)": ["zs3v.M"],
        "config(zs2.N)": ["zs3v.N"],
        "config(zs2.O)": ["zs3v.O"],
        "config(zs2.P)": ["zs3v.P"],
        "config(zs2.Q)": ["zs3v.Q"],
        "config(zs2.R)": ["zs3v.R"],
        "config(zs2.S)": ["zs3v.S"],
        "config(zs2.T)": ["zs3v.T"],
        "config(zs2.U)": ["zs3v.U"],
        "config(zs2.V)": ["zs3v.V"],
        "config(zs2.W)": ["zs3v.W"],
        "config(zs2.X)": ["zs3v.X"],
        "config(zs2.Y)": ["zs3v.Y"],
        "config(zs2.Z)": ["zs3v.Z"]
    }
}