{
    "currentSignals": ["smallsignalszs32"],
    "nextSignals": ["hvsignal", "hvsignalbridge"],
    "savedPredicates": {
        "drive": "config(stopsignal.HP1) || config(hphome.HP1) || config(hpblock.HP1) || config(stopsignal.HP2) || config(hphome.HP2)"
    },
    "values": {
        "(config(zs3.Z1) || config(zs3plate.Z1)) && map(drive)": ["zs3v.Z1"],
        "(config(zs3.Z2) || config(zs3plate.Z2)) && map(drive)": ["zs3v.Z2"],
        "(config(zs3.Z3) || config(zs3plate.Z3)) && map(drive)": ["zs3v.Z3"],
        "(config(zs3.Z4) || config(zs3plate.Z4)) && map(drive)": ["zs3v.Z4"],
        "(config(zs3.Z5) || config(zs3plate.Z5)) && map(drive)": ["zs3v.Z5"],
        "(config(zs3.Z6) || config(zs3plate.Z6)) && map(drive)": ["zs3v.Z6"],
        "(config(zs3.Z7) || config(zs3plate.Z7)) && map(drive)": ["zs3v.Z7"],
        "(config(zs3.Z8) || config(zs3plate.Z8)) && map(drive)": ["zs3v.Z8"],
        "(config(zs3.Z9) || config(zs3plate.Z9)) && map(drive)": ["zs3v.Z9"],
        "(config(zs3.Z10) || config(zs3plate.Z10)) && map(drive)": ["zs3v.Z10"],
        "(config(zs3.Z11) || config(zs3plate.Z11)) && map(drive)": ["zs3v.Z11"],
        "(config(zs3.Z12) || config(zs3plate.Z12)) && map(drive)": ["zs3v.Z12"],
        "(config(zs3.Z13) || config(zs3plate.Z13)) && map(drive)": ["zs3v.Z13"],
        "(config(zs3.Z14) || config(zs3plate.Z14)) && map(drive)": ["zs3v.Z14"],
        "(config(zs3.Z15) || config(zs3plate.Z15)) && map(drive)": ["zs3v.Z15"],

        "speed(==.1)": ["zs3.Z1"],
        "speed(==.2)": ["zs3.Z2"],
        "speed(==.3)": ["zs3.Z3"],
        "speed(==.4)": ["zs3.Z4"],
        "speed(==.5)": ["zs3.Z5"],
        "speed(==.6)": ["zs3.Z6"],
        "speed(==.7)": ["zs3.Z7"],
        "speed(==.8)": ["zs3.Z8"],
        "speed(==.9)": ["zs3.Z9"],
        "speed(==.10)": ["zs3.Z10"],
        "speed(==.11)": ["zs3.Z11"],
        "speed(==.12)": ["zs3.Z12"],
        "speed(==.13)": ["zs3.Z13"],
        "speed(==.14)": ["zs3.Z14"],
        "speed(==.15)": ["zs3.Z15"],

        "zs2value(A)": ["zs2.A"],
        "zs2value(B)": ["zs2.B"],
        "zs2value(C)": ["zs2.C"],
        "zs2value(D)": ["zs2.D"],
        "zs2value(E)": ["zs2.E"],
        "zs2value(F)": ["zs2.F"],
        "zs2value(G)": ["zs2.G"],
        "zs2value(H)": ["zs2.H"],
        "zs2value(I)": ["zs2.I"],
        "zs2value(J)": ["zs2.J"],
        "zs2value(K)": ["zs2.K"],
        "zs2value(L)": ["zs2.L"],
        "zs2value(M)": ["zs2.M"],
        "zs2value(N)": ["zs2.N"],
        "zs2value(O)": ["zs2.O"],
        "zs2value(P)": ["zs2.P"],
        "zs2value(Q)": ["zs2.Q"],
        "zs2value(R)": ["zs2.R"],
        "zs2value(S)": ["zs2.S"],
        "zs2value(T)": ["zs2.T"],
        "zs2value(U)": ["zs2.U"],
        "zs2value(V)": ["zs2.V"],
        "zs2value(W)": ["zs2.W"],
        "zs2value(X)": ["zs2.X"],
        "zs2value(Y)": ["zs2.Y"],
        "zs2value(Z)": ["zs2.Z"],
        "zs2value(ZS6)" : ["zs2.ZS6"],
        "zs2value(ZS13)": ["zs2.ZS13"],
        "zs6state(true)": ["zs2.ZS6"],

        "config(zs3.A)": ["zs2v.A"],
        "config(zs3.B)": ["zs2v.B"],
        "config(zs3.C)": ["zs2v.C"],
        "config(zs3.D)": ["zs2v.D"],
        "config(zs3.E)": ["zs2v.E"],
        "config(zs3.F)": ["zs2v.F"],
        "config(zs3.G)": ["zs2v.G"],
        "config(zs3.H)": ["zs2v.H"],
        "config(zs3.I)": ["zs2v.I"],
        "config(zs3.J)": ["zs2v.J"],
        "config(zs3.K)": ["zs2v.K"],
        "config(zs3.L)": ["zs2v.L"],
        "config(zs3.M)": ["zs2v.M"],
        "config(zs3.N)": ["zs2v.N"],
        "config(zs3.O)": ["zs2v.O"],
        "config(zs3.P)": ["zs2v.P"],
        "config(zs3.Q)": ["zs2v.Q"],
        "config(zs3.R)": ["zs2v.R"],
        "config(zs3.S)": ["zs2v.S"],
        "config(zs3.T)": ["zs2v.T"],
        "config(zs3.U)": ["zs2v.U"],
        "config(zs3.V)": ["zs2v.V"],
        "config(zs3.W)": ["zs2v.W"],
        "config(zs3.X)": ["zs2v.X"],
        "config(zs3.Y)": ["zs2v.Y"],
        "config(zs3.Z)": ["zs2v.Z"]
    }
}