{
    "currentSignal": "smallsignalskssignal",
    "allStates": {
        "ZS1": [
            "kombisignal.KS_ZS1",
            "kombisignal_main.KS_ZS1",
            "zs3.OFF",
            "zs2.OFF",
            "zs3v.OFF",
            "zs2v.OFF"
        ],
        "ZS7": [
            "kombisignal.KS_ZS7",
            "kombisignal_main.KS_ZS7",
            "zs3.OFF",
            "zs2.OFF",
            "zs3v.OFF",
            "zs2v.OFF"
        ],
        "ZS8": [
            "kombisignal.HP0",
            "kombisignal_main.HP0",
            "zs2.ZS8",
            "zs3.OFF",
            "zs3v.OFF",
            "zs2v.OFF"
        ],
        "ZP9": [
            "zs2.ZP9"
        ],
        "SH1": [
            "kombisignal.KS_SHUNTING",
            "kombisignal_main.KS_SHUNTING",
            "zs3.OFF",
            "zs2.OFF",
            "zs3v.OFF",
            "zs2v.OFF"
        ],
        "STATUSLIGHT": [
            "kombisignal.KS_STATUS_LIGHT",
            "kombisignal_main.KS_STATUS_LIGHT",
            "kombisignal_distant.KS_STATUS_LIGHT",
            "zs3.OFF",
            "zs2.OFF",
            "zs3v.OFF",
            "zs2v.OFF"
        ]
    }
}