{
    "systemProperties": {
        "placementToolName": "placementtool",
        "canLink": true,
        "defaultHeight": 4,
        "customNameRenderHeight": 2.95,
        "colors": [
            16777215,
            16761344
        ],
        "renderHeights": {
            "config(KOMBITYPE.DISTANT) || config(KOMBITYPE.DISTANT_LEFT) || config(KOMBITYPE.DISTANT_RIGHT)": -1,
            "config(KOMBITYPE.KS_STOPSIGNAL_LEFT) || config(KOMBITYPE.KS_STOPSIGNAL_RIGHT) || config(KOMBITYPE.KS_MAIN_LEFT) || config(KOMBITYPE.KS_MAIN_RIGHT)": 1.95
        }
    },
    "seProperties": [
        {
            "name": "kombitype",
            "enumClass": "KSType",
            "defaultState": "OFF",
            "changeableStage": "GUISTAGE"
        },
        {
            "name": "kombisignal",
            "enumClass": "KS",
            "defaultState": "OFF",
            "changeableStage": "APISTAGE_NONE_CONFIG",
            "autoname": true,
            "dependencies": "config(KOMBITYPE.KS_STOPSIGNAL) || config(KOMBITYPE.KS_STOPSIGNAL_LEFT) || config(KOMBITYPE.KS_STOPSIGNAL_RIGHT)"
        },
        {
            "name": "kombisignal_main",
            "enumClass": "KSMain",
            "defaultState": "OFF",
            "changeableStage": "APISTAGE_NONE_CONFIG",
            "autoname": true,
            "dependencies": "config(KOMBITYPE.KS_MAIN) || config(KOMBITYPE.KS_MAIN_LEFT) || config(KOMBITYPE.KS_MAIN_RIGHT)"
        },
        {
            "name": "kombisignal_distant",
            "enumClass": "KSDistant",
            "defaultState": "OFF",
            "changeableStage": "APISTAGE_NONE_CONFIG",
            "autoname": true,
            "dependencies": "config(KOMBITYPE.DISTANT) || config(KOMBITYPE.DISTANT_LEFT) || config(KOMBITYPE.DISTANT_RIGHT)"
        },
        {
            "name": "mastsign",
            "enumClass": "MastSignal",
            "defaultState": "OFF",
            "changeableStage": "GUISTAGE"
        },
        {
            "name": "mastsigndistant",
            "defaultState": false,
            "changeableStage": "GUISTAGE"
        },
        {
            "name": "ne2",
            "defaultState": false,
            "changeableStage": "GUISTAGE"
        },
        {
            "name": "zs2",
            "enumClass": "ZS32",
            "defaultState": "OFF",
            "autoname": true
        },
        {
            "name": "zs2v",
            "enumClass": "ZS32",
            "defaultState": "OFF",
            "autoname": true
        },
        {
            "name": "zs3",
            "enumClass": "ZS32",
            "defaultState": "OFF",
            "autoname": true
        },
        {
            "name": "zs3v",
            "enumClass": "ZS32",
            "defaultState": "OFF",
            "autoname": true
        },
        {
            "name": "zs3plate",
            "enumClass": "ZS32",
            "defaultState": "OFF",
            "autoname": true,
            "changeableStage": "GUISTAGE"
        },
        {
            "name": "zs3vplate",
            "enumClass": "ZS32",
            "defaultState": "OFF",
            "autoname": true,
            "changeableStage": "GUISTAGE"
        },
        {
            "name": "zs12",
            "defaultState": false,
            "changeableStage": "GUISTAGE"
        }
    ]
}